<?xml version="1.0" encoding="UTF-8"?>
<project-private xmlns="http://www.netbeans.org/ns/project-private/1">
    <editor-bookmarks xmlns="http://www.netbeans.org/ns/editor-bookmarks/2" lastBookmarkId="0"/>
    <open-files xmlns="http://www.netbeans.org/ns/projectui-open-files/2">
        <group>
            <file>file:/C:/Users/acer/Desktop/Reem/Semester%202/OOP%202/Food%202%20Door/Food%202%20Door/src/food/to/door/Editing.java</file>
            <file>file:/C:/Users/acer/Desktop/Reem/Semester%202/OOP%202/Food%202%20Door/Food%202%20Door/src/food/to/door/FoodToDoor.java</file>
            <file>file:/C:/Users/acer/Desktop/Reem/Semester%202/OOP%202/Food%202%20Door/Food%202%20Door/src/food/to/door/chooseTheRest.java</file>
            <file>file:/C:/Users/acer/Desktop/Reem/Semester%202/OOP%202/Food%202%20Door/Food%202%20Door/src/food/to/door/TawatRahimah_menu12.java</file>
            <file>file:/C:/Users/acer/Desktop/Reem/Semester%202/OOP%202/Food%202%20Door/Food%202%20Door/src/food/to/door/Signup.java</file>
            <file>file:/C:/Users/acer/Desktop/Reem/Semester%202/OOP%202/Food%202%20Door/Food%202%20Door/src/food/to/door/EmployeeGUI.java</file>
            <file>file:/C:/Users/acer/Desktop/Reem/Semester%202/OOP%202/Food%202%20Door/Food%202%20Door/src/food/to/door/CustomerPayment.java</file>
            <file>file:/C:/Users/acer/Desktop/Reem/Semester%202/OOP%202/Food%202%20Door/Food%202%20Door/src/food/to/door/firstFrame.java</file>
            <file>file:/C:/Users/acer/Desktop/Reem/Semester%202/OOP%202/Food%202%20Door/Food%202%20Door/src/food/to/door/Editing11.java</file>
            <file>file:/C:/Users/acer/Desktop/Reem/Semester%202/OOP%202/Food%202%20Door/Food%202%20Door/src/food/to/door/FoodToDoor_Logo.java</file>
            <file>file:/C:/Users/acer/Desktop/Reem/Semester%202/OOP%202/Food%202%20Door/Food%202%20Door/src/food/to/door/login.java</file>
            <file>file:/C:/Users/acer/Desktop/Reem/Semester%202/OOP%202/Food%202%20Door/Food%202%20Door/src/food/to/door/showmi_Menu.java</file>
            <file>file:/C:/Users/acer/Desktop/Reem/Semester%202/OOP%202/Food%202%20Door/Food%202%20Door/src/food/to/door/Report.java</file>
            <file>file:/C:/Users/acer/Desktop/Reem/Semester%202/OOP%202/Food%202%20Door/Food%202%20Door/src/food/to/door/Welcome.java</file>
            <file>file:/C:/Users/acer/Desktop/Reem/Semester%202/OOP%202/Food%202%20Door/Food%202%20Door/src/food/to/door/manifest.mf</file>
            <file>file:/C:/Users/acer/Desktop/Reem/Semester%202/OOP%202/Food%202%20Door/Food%202%20Door/src/food/to/door/CustomerPlacedOrder.java</file>
        </group>
    </open-files>
</project-private>
